{
  "CHAT_HEADER": "חדרי צ ' אט",
  "EMPTY_FIELD_ERROR": "השדה לא יכול להיות ריק",
  "MESSAGE_PLACEHOLDER": "הכנס את ההודעה שלך",
  "CHAT_ID_INVALID_VALUE_MESSAGE": "משמעות שגויה",
  "CHAT_ID_PLACEHOLDER": "מספר טלפון או צ ' אט (ללא שלטים)",
  "SEND_MESSAGE": "לִשְׁלוֹחַ",
  "EMPTY_CHAT_LIST": "לא היו לך צ'אטים לאחרונה",
  "METHOD_QUOTA_EXCEEDED": "חרג ממספר השימושים בשיטה. שדרג לתוכנית עסקית או השתמש במופע אחר",
  "TOO_MANY_REQUESTS_ERROR": "יותר מדי בקשות",
  "FETCH_ERROR": "בדוק שהנתונים שהוזנו נכונים",
  "UNKNOWN_ERROR": "משהו השתבש. אנא נסה שוב",
  "YOU_SENDER_NAME": "אתה",
  "TEXT_WAS_COPIED": "מועתק",
  "SHOW_ALL_TEXT": "קרא עוד",
  "QUOTE_EXCEEDED": "חריגה ממכסת התעריף. ההודעה לא נשלחה",
  "SUCCESS_SENDING_MESSAGE": "ההודעה נשלחה",
  "PHONE_DOES_NOT_HAVE_WHATSAPP": "למספר הזה אין WhatsApp",
  "QUOTE_REACHED": "מכסת המכס מוצתה",
  "CHECK_WHATSAPP_QUOTE_REACHED": "מכסה מותשת לשיטת CheckWhatsApp",
  "LOGO_TITLE": "GREEN-API: שלח וקבל הודעות ווטסאפ",

  "FILE": "קוֹבֶץ",
  "CONTACT": "מַגָע",
  "LOCATION": "מַגָע",
  "POLL": "מִשׁאָל",
  "TEMPLATE": "תבנית",
  "TEMPLATE_NAME": "שם התבנית",
  "TEMPLATE_NAME_PLACEHOLDER": "בחר תבנית",
  "PARAMS_LABEL": "פרמטרים",
  "PARAM_LABEL": "פרמטר",
  "PREVIEW": "תצוגה מקדימה",

  "SELECT_FILE": "בחר קובץ",
  "FILE_LABEL": "קובץ",
  "FILENAME_LABEL": "שם הקובץ",
  "DESCRIPTION": "תיאור",

  "CONTACT_PHONE_LABEL": "מספר קשר",
  "CONTACT_PHONE_INVALID_MESSAGE": "משמעות שגויה",

  "QUOTED_MESSAGE_ID_LABEL": "מזהה ההודעה המצוטטת",

  "NAME_LABEL": "שם",
  "LASTNAME_LABEL": "שם משפחה",
  "MIDDLENAME_LABEL": "שם פטרונימי",
  "COMPANY_LABEL": "החברה",

  "LATITUDE_LABEL": "רוחב המיקום",
  "LONGITUDE_LABEL": "מיקום קו אורך",
  "LOCATION_NAME_LABEL": "שם המיקום",
  "ADDRESS_LABEL": "כתובת",

  "OPTIONS_LABEL": "אפשרויות תשובה",
  "OPTION_PLACEHOLDER": "תשובה",
  "MULTIPLE_ANSWERS_LABEL": "אפשר תשובות מרובות",

  "ADD_NEW_CHAT_HEADER": "צ'אט חדש",
  "LOGIN": "כְּנִיסָה לַמַעֲרֶכֶת",
  "LOGOUT": "התנתק",

  "ADD": "הוסף",
  "MESSAGE_LABEL": "הודעה",

  "ERROR": "אירעה שגיאה",
  "WARNING": "אַזהָרָה",
  "WARNING_DESCRIPTION_BANNED": "החשבון נאסר",
  "WARNING_DESCRIPTION_NOT_AUTHORIZED": "החשבון אינו מורשה",
  "WARNING_DESCRIPTION_STARTING": "מופע בתהליך ההשקה",
  "WARNING_DESCRIPTION_YELLOW_CARD": "המופע השעה חלקית או מלאה את שליחת ההודעות עקב פעילות ספאם",

  "AUTHORIZATION": "הַרשָׁאָה",

  "RUSSIAN": "Русский",
  "ENGLISH": "English",

  "HEBREW": "עִבְרִית",

  "FULL_VERSION": "פתח צ'אטים",
  "FULL_VERSION_TITLE": "פתח בחלון נפרד",

  "LOGIN_TITLE": "היכנס",
  "INPUT_EMAIL_INVALID": "הכתובת שהוזנה אינה אימייל, נסה שנית",
  "INPUT_EMAIL_HINT": "הכנס כתובת אימייל",
  "INPUT_USER_PASSWORD_HINT": "הכנס סיסמה",
  "E_MAIL": "אימייל",
  "INPUT_USER_PASSWORD": "סיסמה",
  "CHECK_REMEMBER_ME": "זכור אותי",
  "CLICK_FORGOT_PASSWORD": "שכחתי סיסמה",
  "CLICK_LOGIN": "התחברות",
  "CLICK_REGISTER_NOW": "הירשם",
  "USER_NOT_FOUND": "המשתמש לא נמצא",
  "PASSWORD_INCORRECT": "כניסה/סיסמה שגויה",

  "CHATS_TITLE": "צ'אטים",
  "SETTINGS_TITLE": "הגדרות",
  "PROFILE_TITLE": "פּרוֹפִיל",

  "INSTANCE": "מופע",
  "SELECT_INSTANCE_PLACEHOLDER": "בחר מופע",

  "CONTACT_INFO": "פרטי יצירת קשר",
  "GROUP_INFO": "מידע על הקבוצה",
  "GROUP_COUNT_MEMBERS": "קְבוּצָה  ·  {0} {1}",
  "GROUP_CREATED_BY": "הקבוצה נוצרה על ידי {0}, {1}",
  "GROUP_INVITE_LINK": "קישור להזמנה לקבוצה",
  "CANT_SEND_IN_GROUP": "אינך יכול לשלוח הודעות לקבוצה זו כי אינך חבר עוד.",
  "BUSINESS_ACCOUNT_DESC": "זה חשבון עסקי",

  "LEFT_THE_GROUP_ALERT_MESSAGE": "עזבת את הקבוצה",

  "BLOCKED_OR_PRIVATE_CHAT": "משתתף הצ'אט חסם אותך או הפעיל את הגדרות הפרטיות",

  "DEVELOPER_INSTANCE_ALERT": "להפעלת הצ'אט, המופע ישלח בקשות רקע לשיטות יומן, שהשימוש בהן מוגבל בתוכנית החינמית. להראות צ'אטים בכל זאת?",
  "TURNED_OFF_CHATS_ALERT": "תצוגת הצ'אט הושבתה עבור מופע זה.",
  "TURN_ON_CHAT": "הפעל את הצ'אט",
  "TURN_OFF_CHAT": "כבה את הצ'אט",
  "YES": "כֵּן",
  "NO": "לֹא",

  "DELETED_MESSAGE": "ההודעה נמחקה",
  "DELETED": "נמחק",
  "EDITED": "עָרוּך",
  "SHOW": "לְהַצִיג",

  "MESSAGE_INFO": "מידע על הודעה",
  "EDIT_MESSAGE": "ערוך הודעה",
  "DELETE_MESSAGE": "מחק הודעה",
  "ONLY_SENDER_DELETE_LABEL": "מחק הודעה מהשולח בלבד",
  "SEARCH_PLACEHOLDER": "חיפוש",
  "NOTHING_FOUND": "לא נמצא דבר",
  "ENTER_IMAGE_URL": "הכנס כתובת URL של תמונה",
  "MESSAGE_PREVIEW": "תצוגה מקדימה:",
  "CHAT_MESSAGE_LIMIT_REACHED_TITLE": "הגעת למגבלת ההודעות בצ'אט",
  "LOAD_MORE_MESSAGES": "טען עוד הודעות",
  "UPDATE_AVATAR": "עדכן תמונת קבוצה",
  "LEAVE_GROUP": "צא מהקבוצה",
  "ADD_PARTICIPANT": "הוסף משתתף",
  "ADD_PARTICIPANT_PLACEHOLDER": "הזן מספר טלפון (ספרות בלבד)",
  "CANCEL": "ביטול",
  "ENTER_VALID_PHONE": "הזן מספר טלפון תקני",
  "AVATAR_UPDATED": "התמונה עודכנה",
  "ERROR_UPDATING_GROUP_NAME": "שגיאה בעדכון שם הקבוצה",
  "ERROR_UPDATING_AVATAR": "שגיאה בעדכון תמונת הקבוצה",
  "DELETE_PARTICIPANT": "הסר משתתף",
  "ASSIGN_ADMIN": "הפוך למנהל",
  "REMOVE_ADMIN": "הסר מנהל",
  "PARTICIPANT_ADDED": "המשתתף נוסף",
  "PARTICIPANT_DELETED": "המשתתף הוסר",
  "ADMIN_ASSIGNED": "הוקצו זכויות מנהל",
  "ADMIN_REMOVED": "זכויות המנהל בוטלו",
  "ENTER_VALID_PHONE_NUMBER": "הזן מספר טלפון חוקי",
  "ERROR_ADDING_PARTICIPANT": "שגיאה בהוספת משתתף",
  "ERROR_DELETING_PARTICIPANT": "שגיאה במחיקת משתתף",
  "ERROR_ASSIGNING_ADMIN": "שגיאה בהקצאת זכויות מנהל",
  "ERROR_REMOVING_ADMIN": "שגיאה בהסרת זכויות מנהל",
  "BACKGROUND_COLOR_LABEL": "צבע רקע",
  "FONT_PLACEHOLDER": "גופן סטטוס",
  "FONT_TEXT_EXAMPLE": "כך ייראה הטקסט שלך",
  "LAT_TEXT_ONLY": "הגופן חל רק על תווים לטיניים",
  "PARTICIPANTS_LABEL": "אנשי קשר",
  "SEND_ALL_CONTACTS": "שלח לכל אנשי הקשר",
  "SEND_ONLY_SPECIFIED_CONTACTS": "שלח רק לאנשי קשר נבחרים",
  "TEXT_STATUS": "סטטוס טקסט",
  "VOICE_STATUS": "סטטוס קולי",
  "MEDIA_STATUS": "סטטוס מדיה",
  "URL_FILE_LABEL": "קישור לקובץ",
  "FILE_NAME_LABEL": "שם הקובץ",
  "BUTTONS": "כפתורים",
  "BODY": "הודעה",
  "HEADER": "כותרת עליונה",
  "FOOTER": "כותרת תחתונה",
  "BUTTON_TYPE_PLACEHOLDER": "בחר סוג כפתור",
  "BUTTON_TEXT_PLACEHOLDER": "הזן טקסט לכפתור",
  "MIXED_BUTTONS": "כפתורים אינטראקטיביים",
  "REPLY_BUTTONS": "תגובות מהירות",
  "URL_FILE_PLACEHOLDER": "קישור לקובץ",
  "FILE_NAME_PLACEHOLDER": "שם הקובץ",
  "CHAT_ID_PHONE_PLACEHOLDER": "מספר טלפון",
  "STATUSES_HEADER": "שלח סטטוס",
  "NO_INSTANCE_CREDENTIALS": "לא סופקו אישורי אימות של האינסטנס",
  "REFRESH_PAGE": "רענן את הדף",
  "UNEXPECTED_ERROR": "אירעה שגיאה בלתי צפויה. אנא פנה לתמיכה הטכנית.",
  "SENT_STATUS_WARNING": "מזהה הסטטוס שנשלח:",
  "DUPLICATED_FIELD_ERROR": "אפשרות זו כבר קיימת",
  "CONFIRM_LEAVE_GROUP": "האם אתה בטוח שברצונך לעזוב את הקבוצה?",
  "LEFT_GROUP_SUCCESS": "עזבת את הקבוצה",
  "ERROR_LEAVING_GROUP": "אירעה שגיאה בעת עזיבת הקבוצה"
}
