{
  "CHAT_HEADER": "Чаты",
  "EMPTY_FIELD_ERROR": "Поле не может быть пустым",
  "MESSAGE_PLACEHOLDER": "Введите сообщение",
  "CHAT_ID_INVALID_VALUE_MESSAGE": "Некорректное значение",
  "CHAT_ID_PLACEHOLDER": "Номер телефона или чата (без знаков)",
  "SEND_MESSAGE": "Отправить",
  "EMPTY_CHAT_LIST": "За последнее время у вас нет чатов",
  "METHOD_QUOTA_EXCEEDED_ERROR": "Исчерпано кол-во использований метода. Перейдите на тариф Business или воспользуйтесь другим инстансом",
  "TOO_MANY_REQUESTS_ERROR": "Слишком много запросов",
  "FETCH_ERROR": "Проверьте правильность введенных данных",
  "UNKNOWN_ERROR": "Что-то пошло не так, попробуйте еще раз",
  "YOU_SENDER_NAME": "Вы",
  "TEXT_WAS_COPIED": "Скопировано в буфер",
  "SHOW_ALL_TEXT": "Далее",
  "QUOTE_EXCEEDED": "Превышена квота тарифа. Сообщение не отправлено",
  "SUCCESS_SENDING_MESSAGE": "Сообщение отправлено",
  "PHONE_DOES_NOT_HAVE_WHATSAPP": "У данного номера отсутствует Whatsapp",
  "QUOTE_REACHED": "Исчерпана квота тарифа",
  "CHECK_WHATSAPP_QUOTE_REACHED": "Исчерпана квота для метода CheckWhatsApp",
  "LOGO_TITLE": "GREEN-API для отправки и получения сообщений WhatsApp",

  "FILE": "Файл",
  "CONTACT": "Контакт",
  "LOCATION": "Локация",
  "POLL": "Опрос",
  "TEMPLATE": "Шаблон",
  "TEMPLATE_NAME": "Название шаблона",
  "TEMPLATE_NAME_PLACEHOLDER": "Выберите шаблон",
  "PARAM_LABEL": "Параметр",
  "PARAMS_LABEL": "Параметры",
  "PREVIEW": "Превью",

  "SELECT_FILE": "Выберите файл",

  "FILE_LABEL": "Файл",
  "MESSAGE": "Сообщение",
  "QUOTED_MESSAGE_ID": "Идентификатор цитируемого сообщения",
  "TYPE_PREVIEW": "Размер превью",
  "TITLE": "Заголовок",
  "CUSTOM_PREVIEW": "Пользовательское превью",
  "PREVIEW_IMAGE": "Изображение превью",
  "UPLOAD_FILE": "Загрузить файл",
  "MESSAGE_PREVIEW": "Предварительный просмотр:",
  "CUSTOM_PREVIEW_TOOLTIP": "Используйте файл или ссылку на файл для формирования пользовательского превью.",
  "FILENAME_LABEL": "Название файла",
  "DESCRIPTION": "Описание",

  "CONTACT_PHONE_LABEL": "Контактный номер",
  "CONTACT_PHONE_INVALID_MESSAGE": "Некорректное значение",

  "QUOTED_MESSAGE_ID_LABEL": "Идентификатор цитируемого сообщения",

  "NAME_LABEL": "Имя",
  "LASTNAME_LABEL": "Фамилия",
  "MIDDLENAME_LABEL": "Отчество",

  "COMPANY_LABEL": "Компания",

  "LATITUDE_LABEL": "Широта локации",
  "LONGITUDE_LABEL": "Долгота локации",
  "LOCATION_NAME_LABEL": "Название локации",
  "ADDRESS_LABEL": "Адрес",

  "OPTIONS_LABEL": "Варианты ответов",
  "OPTION_PLACEHOLDER": "Ответ",
  "MULTIPLE_ANSWERS_LABEL": "Разрешить несколько ответов",

  "ADD_NEW_CHAT_HEADER": "Новый чат",
  "LOGIN": "Войти",
  "LOGOUT": "Выйти",

  "ADD": "Добавить",
  "MESSAGE_LABEL": "Сообщение",

  "ERROR": "Произошла ошибка",
  "WARNING": "Предупреждение",
  "WARNING_DESCRIPTION_BANNED": "Инстанс забанен",
  "WARNING_DESCRIPTION_NOT_AUTHORIZED": "Инстанс не авторизован",
  "WARNING_DESCRIPTION_STARTING": "Инстанс в процессе запуска",
  "WARNING_DESCRIPTION_YELLOW_CARD": "The instance has partially or completely suspended sending messages due to spam activity",

  "AUTHORIZATION": "Авторизация",

  "RUSSIAN": "Русский",
  "ENGLISH": "English",

  "HEBREW": "עִבְרִית",

  "FULL_VERSION": "Открыть чаты",
  "FULL_VERSION_TITLE": "Открыть в отдельном окне",

  "LOGIN_TITLE": "Вход",
  "INPUT_EMAIL_INVALID": "Введенный адрес не является E-mail!",
  "INPUT_EMAIL_HINT": "Введите адрес электронной почты!",
  "INPUT_USER_PASSWORD_HINT": "Пожалуйста, введите пароль!",
  "E_MAIL": "Электронная почта",
  "INPUT_USER_PASSWORD": "Пароль",
  "CHECK_REMEMBER_ME": "Запомнить меня",
  "CLICK_FORGOT_PASSWORD": "Забыли пароль?",
  "CLICK_LOGIN": "Войти",
  "CLICK_REGISTER_NOW": "Зарегистрироваться",
  "USER_NOT_FOUND": "Пользователь не найден",
  "PASSWORD_INCORRECT": "Неправильный логин/пароль",

  "CHATS_TITLE": "Чаты",
  "SETTINGS_TITLE": "Настройки",
  "PROFILE_TITLE": "Профиль",

  "INSTANCE": "Инстанс",
  "SELECT_INSTANCE_PLACEHOLDER": "Выберите инстанс",

  "CONTACT_INFO": "Информация о контакте",
  "GROUP_INFO": "Информация о группе",
  "GROUP_COUNT_MEMBERS": "Группа  ·  {0} {1}",
  "GROUP_CREATED_BY": "Группа создана {0}, {1}",
  "GROUP_INVITE_LINK": "Ссылка на приглашение в группу",
  "CANT_SEND_IN_GROUP": "Вы не можете отправлять сообщения в эту группу, так как больше не являетесь ее участником.",
  "BUSINESS_ACCOUNT_DESC": "Это бизнес аккаунт",

  "LEFT_THE_GROUP_ALERT_MESSAGE": "Вы покинули группу",

  "BLOCKED_OR_PRIVATE_CHAT": "Собеседник вас заблокировал или включил настройку приватности",

  "DEVELOPER_INSTANCE_ALERT": "Для работы чата инстанс будет производить фоновую отправку запросов журнальных методов, использование которых на бесплатном тарифе ограничено. Показать чаты в любом случае?",
  "TURNED_OFF_CHATS_ALERT": "Отображение чатов было выключено для данного инстанса.",
  "TURN_ON_CHAT": "Включить чат",
  "TURN_OFF_CHAT": "Выключить чат",
  "YES": "Да",
  "NO": "Нет",

  "DELETED_MESSAGE": "Сообщение удалено",
  "DELETED": "Удалено",
  "EDITED": "Изменено",
  "SHOW": "Показать",

  "MESSAGE_INFO": "Информация о сообщении",
  "EDIT_MESSAGE": "Редактировать сообщение",
  "DELETE_MESSAGE": "Удалить сообщение",
  "ONLY_SENDER_DELETE_LABEL": "Удалить сообщение только у отправителя",
  "SEARCH_PLACEHOLDER": "Поиск",
  "CONTACTS": "Контакты",
  "MESSAGES": "Сообщения",
  "NOTHING_FOUND": "Ничего не найдено",
  "PREVIEW_SIZE_SMALL": "Маленькое",
  "PREVIEW_SIZE_LARGE": "Большое",
  "FILE_TOO_LARGE": "Размер файл превышает 100 килобайт",
  "ENTER_IMAGE_URL": "Введите ссылку на изображение",
  "CHAT_MESSAGE_LIMIT_REACHED_TITLE": "Достигнут лимит сообщений чата",
  "LOAD_MORE_MESSAGES": "Загрузить еще сообщения",
  "UPDATE_AVATAR": "Обновить изображение группы",
  "LEAVE_GROUP": "Покинуть группу",
  "ADD_PARTICIPANT": "Добавить участника",
  "ADD_PARTICIPANT_PLACEHOLDER": "Введите номер телефона (только цифры)",
  "CANCEL": "Отменить",
  "ENTER_VALID_PHONE": "Введите корректный номер телефона",
  "AVATAR_UPDATED": "Аватар обновлен",
  "ERROR_UPDATING_GROUP_NAME": "Ошибка при обновлении имени группы",
  "ERROR_UPDATING_AVATAR": "Ошибка при обновлении аватара группы",
  "DELETE_PARTICIPANT": "Удалить участника",
  "ASSIGN_ADMIN": "Назначить администратором",
  "REMOVE_ADMIN": "Убрать администратора",
  "PARTICIPANT_ADDED": "Участник добавлен",
  "PARTICIPANT_DELETED": "Участник удален",
  "ADMIN_ASSIGNED": "Права администратора назначены",
  "ADMIN_REMOVED": "Права администратора отозваны",
  "ENTER_VALID_PHONE_NUMBER": "Введите корректный номер телефона",
  "ERROR_ADDING_PARTICIPANT": "Ошибка при добавлении участника",
  "ERROR_DELETING_PARTICIPANT": "Ошибка при удалении участника",
  "ERROR_ASSIGNING_ADMIN": "Ошибка при назначении администратора",
  "ERROR_REMOVING_ADMIN": "Ошибка при удалении администратора",
  "BACKGROUND_COLOR_LABEL": "Цвет фона",
  "FONT_PLACEHOLDER": "Шрифт статуса",
  "FONT_TEXT_EXAMPLE": "Так будет выглядеть ваш текст",
  "LAT_TEXT_ONLY": "Шрифт применяется только для латинских букв",
  "PARTICIPANTS_LABEL": "Контакты",
  "SEND_ALL_CONTACTS": "Отправить всем контактам",
  "SEND_ONLY_SPECIFIED_CONTACTS": "Отправить только указанным контактам",
  "TEXT_STATUS": "Текстовый статус",
  "VOICE_STATUS": "Голосовой статус",
  "MEDIA_STATUS": "Медиа статус",
  "URL_FILE_LABEL": "Ссылка на файл",
  "FILE_NAME_LABEL": "Название файла",
  "BUTTONS": "Кнопки",
  "BODY": "Сообщение",
  "HEADER": "Заголовок",
  "FOOTER": "Подвал",
  "BUTTON_TYPE_PLACEHOLDER": "Выберите тип кнопки",
  "BUTTON_TEXT_PLACEHOLDER": "Введите текст кнопки",
  "MIXED_BUTTONS": "Интерактивные кнопки",
  "REPLY_BUTTONS": "Быстрые ответы",
  "URL_FILE_PLACEHOLDER": "Ссылка на файл",
  "FILE_NAME_PLACEHOLDER": "Имя файла",
  "CHAT_ID_PHONE_PLACEHOLDER": "Номер телефона",
  "STATUSES_HEADER": "Отправить статус",
  "NO_INSTANCE_CREDENTIALS": "Не переданы авторизационные данные инстанса",
  "REFRESH_PAGE": "Обновить страницу",
  "UNEXPECTED_ERROR": "Произошла непредвиденная ошибка, обратитесь в службу технической поддержки",
  "SENT_STATUS_WARNING": "ID отправленного статуса:",
  "DUPLICATED_FIELD_ERROR": "Такой вариант уже есть",
  "CONFIRM_LEAVE_GROUP": "Вы уверены, что хотите покинуть группу?",
  "LEFT_GROUP_SUCCESS": "Вы покинули группу",
  "ERROR_LEAVING_GROUP": "Произошла ошибка при выходе из группы"
}
