{
  "CHAT_HEADER": "Chats",
  "EMPTY_FIELD_ERROR": "The field cannot be empty",
  "MESSAGE_PLACEHOLDER": "Enter your message",
  "CHAT_ID_INVALID_VALUE_MESSAGE": "Invalid value",
  "CHAT_ID_PLACEHOLDER": "Phone or chat number (without signs)",
  "SEND_MESSAGE": "Send",
  "EMPTY_CHAT_LIST": "You haven't had any chats lately",
  "METHOD_QUOTA_EXCEEDED": "The number of uses of the method has been exceeded. Upgrade to Business plan or use another instance",
  "TOO_MANY_REQUESTS_ERROR": "Too many requests",
  "FETCH_ERROR": "Check that the entered data is correct",
  "UNKNOWN_ERROR": "Something went wrong, please try again",
  "YOU_SENDER_NAME": "You",
  "TEXT_WAS_COPIED": "Copied to clipboard",
  "SHOW_ALL_TEXT": "Read more",
  "QUOTE_EXCEEDED": "The tariff quota has been exceeded. The message has not been sent",
  "SUCCESS_SENDING_MESSAGE": "The message has been sent",
  "PHONE_DOES_NOT_HAVE_WHATSAPP": "This number does not have WhatsApp",
  "QUOTE_REACHED": "Tariff quota has been exhausted",
  "CHECK_WHATSAPP_QUOTE_REACHED": "The quota for the CheckWhatsApp method has been exhausted",
  "LOGO_TITLE": "GREEN-API: send and receive WhatsApp messages",

  "FILE": "File",
  "CONTACT": "Contact",
  "LOCATION": "Location",
  "POLL": "Poll",
  "TEMPLATE": "Template",
  "TEMPLATE_NAME": "Template name",
  "TEMPLATE_NAME_PLACEHOLDER": "Select template",
  "PARAMS_LABEL": "Parameters",
  "PARAM_LABEL": "Parameter",
  "PREVIEW": "Preview",

  "SELECT_FILE": "Select file",
  "FILE_LABEL": "File",
  "FILENAME_LABEL": "File name",
  "DESCRIPTION": "Description",

  "CONTACT_PHONE_LABEL": "Contact phone number",
  "CONTACT_PHONE_INVALID_MESSAGE": "Invalid value",

  "QUOTED_MESSAGE_ID_LABEL": "Quoted message ID",

  "NAME_LABEL": "First Name",
  "LASTNAME_LABEL": "Last Name",
  "MIDDLENAME_LABEL": "Middle Name",
  "COMPANY_LABEL": "Company",

  "LATITUDE_LABEL": "Location latitude",
  "LONGITUDE_LABEL": "Location longitude",
  "LOCATION_NAME_LABEL": "Location name",
  "ADDRESS_LABEL": "Address",

  "OPTIONS_LABEL": "Answer options",
  "OPTION_PLACEHOLDER": "Answer",
  "MULTIPLE_ANSWERS_LABEL": "Allow multiple answers",

  "ADD_NEW_CHAT_HEADER": "New chat",
  "LOGIN": "Login",
  "LOGOUT": "Logout",

  "ADD": "Add",
  "MESSAGE_LABEL": "Message",

  "ERROR": "An error has occurred",
  "WARNING": "Warning",
  "WARNING_DESCRIPTION_BANNED": "Instance banned",
  "WARNING_DESCRIPTION_NOT_AUTHORIZED": "Instance is not authorized",
  "WARNING_DESCRIPTION_STARTING": "Instance in the process of launching",
  "WARNING_DESCRIPTION_YELLOW_CARD": "The instance has partially or completely suspended sending messages due to spam activity",

  "AUTHORIZATION": "Authorization",

  "RUSSIAN": "Русский",
  "ENGLISH": "English",

  "HEBREW": "עִבְרִית",

  "FULL_VERSION": "Open chats",
  "FULL_VERSION_TITLE": "Open in a separate window",

  "LOGIN_TITLE": "Login",
  "INPUT_EMAIL_INVALID": "Entered address is not an E-mail!",
  "INPUT_EMAIL_HINT": "Enter email address!",
  "INPUT_USER_PASSWORD_HINT": "Please enter your password!",
  "E_MAIL": "Email",
  "INPUT_USER_PASSWORD": "Password",
  "CHECK_REMEMBER_ME": "Remember me",
  "CLICK_FORGOT_PASSWORD": "Forgot your password?",
  "CLICK_LOGIN": "Login",
  "CLICK_REGISTER_NOW": "Register",
  "USER_NOT_FOUND": "The user not found",
  "PASSWORD_INCORRECT": "The login/password is incorrect",

  "CHATS_TITLE": "Chats",
  "SETTINGS_TITLE": "Settings",
  "PROFILE_TITLE": "Profile",
  "PHONEBOOK_TITLE": "Phonebook",
  "API_TOOLS_TITLE": "API Tools",

  "INSTANCE": "Instance",
  "SELECT_INSTANCE_PLACEHOLDER": "Select an instance",

  "CONTACT_INFO": "Contact info",
  "GROUP_INFO": "Group info",
  "GROUP_COUNT_MEMBERS": "Group  ·  {0} {1}",
  "GROUP_CREATED_BY": "Group created by {0}, {1}",
  "GROUP_INVITE_LINK": "Group invite link",
  "CANT_SEND_IN_GROUP": "You can't send messages to this group because you're no longer a member.",
  "BUSINESS_ACCOUNT_DESC": "This is business account",

  "LEFT_THE_GROUP_ALERT_MESSAGE": "You left the group",

  "BLOCKED_OR_PRIVATE_CHAT": "Chat participant has blocked you or turned on privacy settings",

  "DEVELOPER_INSTANCE_ALERT": "To operate the chat, the instance will send background requests for journal methods, the use of which is limited in the free plan. Show chats anyway?",
  "TURNED_OFF_CHATS_ALERT": "Chat display has been disabled for this instance.",
  "TURN_ON_CHAT": "Turn on chat",
  "TURN_OFF_CHAT": "Turn off chat",
  "YES": "Yes",
  "NO": "No",

  "DELETED_MESSAGE": "Message deleted",
  "DELETED": "Deleted",
  "EDITED": "Edited",
  "SHOW": "Show",

  "MESSAGE_INFO": "Message info",
  "EDIT_MESSAGE": "Edit message",
  "DELETE_MESSAGE": "Delete message",
  "ONLY_SENDER_DELETE_LABEL": "Delete message from sender only",
  "SEARCH_PLACEHOLDER": "Search",
  "CONTACTS": "Contacts",
  "MESSAGES": "Messages",
  "NOTHING_FOUND": "Nothing was found",
  "ENTER_IMAGE_URL": "Enter image URL",
  "MESSAGE_PREVIEW": "Preview:",
  "CHAT_MESSAGE_LIMIT_REACHED_TITLE": "Chat message limit reached",
  "LOAD_MORE_MESSAGES": "Load more messages",
  "UPDATE_AVATAR": "Update group avatar",
  "LEAVE_GROUP": "Leave group",
  "ADD_PARTICIPANT": "Add participant",
  "ADD_PARTICIPANT_PLACEHOLDER": "Enter phone number (digits only)",
  "CANCEL": "Cancel",
  "ENTER_VALID_PHONE": "Enter a valid phone number",
  "AVATAR_UPDATED": "Avatar updated",
  "ERROR_UPDATING_GROUP_NAME": "Error updating group name",
  "ERROR_UPDATING_AVATAR": "Error updating group avatar",
  "DELETE_PARTICIPANT": "Remove participant",
  "ASSIGN_ADMIN": "Make admin",
  "REMOVE_ADMIN": "Remove admin",
  "PARTICIPANT_ADDED": "Participant added",
  "PARTICIPANT_DELETED": "Participant removed",
  "ADMIN_ASSIGNED": "Administrator rights assigned",
  "ADMIN_REMOVED": "Administrator rights revoked",
  "ENTER_VALID_PHONE_NUMBER": "Enter a valid phone number",
  "ERROR_ADDING_PARTICIPANT": "Error adding participant",
  "ERROR_DELETING_PARTICIPANT": "Error removing participant",
  "ERROR_ASSIGNING_ADMIN": "Error assigning administrator",
  "ERROR_REMOVING_ADMIN": "Error removing administrator",
  "BACKGROUND_COLOR_LABEL": "Background Color",
  "FONT_PLACEHOLDER": "Status Font",
  "FONT_TEXT_EXAMPLE": "This is how your text will look",
  "LAT_TEXT_ONLY": "Font applies only to Latin characters",
  "PARTICIPANTS_LABEL": "Contacts",
  "SEND_ALL_CONTACTS": "Send to all contacts",
  "SEND_ONLY_SPECIFIED_CONTACTS": "Send only to specified contacts",
  "TEXT_STATUS": "Text Status",
  "VOICE_STATUS": "Voice Status",
  "MEDIA_STATUS": "Media Status",
  "URL_FILE_LABEL": "File URL",
  "FILE_NAME_LABEL": "File Name",
  "BUTTONS": "Buttons",
  "BODY": "Message",
  "HEADER": "Header",
  "FOOTER": "Footer",
  "BUTTON_TYPE_PLACEHOLDER": "Select button type",
  "BUTTON_TEXT_PLACEHOLDER": "Enter button text",
  "MIXED_BUTTONS": "Interactive Buttons",
  "REPLY_BUTTONS": "Quick Replies",
  "URL_FILE_PLACEHOLDER": "File URL",
  "FILE_NAME_PLACEHOLDER": "File Name",
  "CHAT_ID_PHONE_PLACEHOLDER": "Phone number",
  "STATUSES_HEADER": "Send Status",
  "NO_INSTANCE_CREDENTIALS": "Instance authorization credentials not provided",
  "REFRESH_PAGE": "Refresh the page",
  "UNEXPECTED_ERROR": "An unexpected error occurred. Please contact technical support.",
  "SENT_STATUS_WARNING": "Sent status ID:",
  "DUPLICATED_FIELD_ERROR": "This option already exists",
  "CONFIRM_LEAVE_GROUP": "Are you sure you want to leave the group?",
  "LEFT_GROUP_SUCCESS": "You have left the group",
  "ERROR_LEAVING_GROUP": "An error occurred while leaving the group"
}
